nameDest,num_senders,total_received,num_transactions,mean_amount,max_amount,balance_error_mean,balance_unchanged,fraud_received,mule_score
C1825775199,6,6.1695285e+06,6,1.02825475e+06,2.0082185e+06,2.2610402e+06,0,0,65
C812423980,6,3.6572155e+06,6,609535.94,2.458326e+06,362710.5,0,0,65
C1782113663,6,3.4937735e+06,6,582295.56,1.9318521e+06,1.4319314e+06,0,0,65
C1235151206,6,1.8233948e+06,6,303899.12,1.297077e+06,227018.11,0,0,65
C1234776885,8,2.7693878e+06,8,346173.47,941502.25,844921.06,0,0,65
C650657798,6,2.3607972e+06,6,393466.22,1.4834582e+06,336161.16,0,0,65
C16549036,7,1.5159371e+06,7,216562.45,551310.6,339073.22,0,0,65
C794978521,7,3.5904252e+06,7,512917.9,2.1709855e+06,119292.234,0,0,65
C1212974498,7,4.0638245e+06,7,580546.4,3.041669e+06,541263.5,0,0,65
C1648878797,6,2.0668598e+06,6,344476.62,1.4226905e+06,456781.0,0,0,65
C225852166,6,3.0977872e+06,6,516297.88,993195.3,347669.1,0,0,65
C1623014027,6,1.510608e+06,6,251768.0,761697.6,220511.42,0,0,65
C219416103,6,1.5994028e+06,6,266567.12,698104.6,36418.418,0,0,65
C591888653,6,2.9503012e+06,6,491716.88,930137.25,190786.61,0,0,65
C836514715,6,7.34331e+06,6,1.223885e+06,6.64839e+06,498783.9,0,1,65
C306206744,7,3.809143e+06,7,544163.3,2.4741818e+06,879898.3,0,0,65
C1832624381,6,4.2520875e+06,6,708681.25,3.1967385e+06,93609.914,0,0,65
C1840046890,7,4.597595e+06,7,656799.3,1.6356419e+06,670035.44,0,0,65
C586711602,6,1.9947028e+06,6,332450.47,592357.5,425204.62,0,0,65
C114403816,6,1.4739784e+06,6,245663.06,669907.75,110060.62,0,0,65
C1774146551,6,9.400423e+06,6,1.5667371e+06,5.2718515e+06,1.0955344e+06,0,0,65
C1384149246,6,2.835635e+06,6,472605.84,745963.94,552532.5,0,0,65
C1247600089,6,5.5207585e+06,6,920126.44,2.8023962e+06,769559.0,0,0,65
C1255024717,8,4.266571e+06,8,533321.4,2.614699e+06,476161.5,0,0,65
C1706460626,6,2.2061272e+06,6,367687.88,1.1664449e+06,65346.574,0,0,65
C307727578,6,1.4552684e+06,6,242544.73,600463.7,100077.586,0,0,65
C716442925,6,2.2143448e+06,6,369057.47,618471.1,1.4745184e+06,0,0,65
C1354725727,6,2.2593585e+06,6,376559.75,1.0609234e+06,634704.7,0,0,65
C719119378,6,1.5058346e+06,6,250972.44,559516.56,543399.06,0,0,65
C297785169,6,2.403843e+06,6,400640.5,1.1085681e+06,144281.86,0,0,65
C1695946783,6,2.2274958e+06,6,371249.28,1.4203528e+06,65581.71,0,0,65
C1303218675,7,4.3699235e+06,7,624274.8,2.486359e+06,73044.18,0,0,65
C67985650,6,1.4823854e+06,6,247064.23,638575.25,159816.84,0,0,65
C667504652,6,2.637319e+06,6,439553.16,971258.6,742885.5,0,0,65
C665576141,6,4.141969e+06,6,690328.2,1.4795369e+06,663224.5,0,0,65
C1295339831,6,1.4509915e+06,6,241831.92,600229.2,78726.06,0,0,65
C1286084959,7,4.7034685e+06,7,671924.06,1.5716198e+06,1.3492621e+06,0,0,65
C1759482496,6,3.0431208e+06,6,507186.78,1.4082024e+06,606733.9,0,0,65
C1761861940,6,1.7614328e+06,6,293572.12,868585.9,129377.65,0,0,65
C313139641,6,2.3160732e+06,6,386012.22,1.2666081e+06,22397.771,0,0,65
C1259079602,1,534255.94,1,534255.94,534255.94,534255.94,1,1,65
C384209960,6,1.6414649e+06,6,273577.47,623318.1,196427.42,0,0,65
C30079792,6,4.4396275e+06,6,739937.94,1.893338e+06,1.1836016e+06,0,0,65
C201404620,1,886592.75,1,886592.75,886592.75,886592.75,1,1,65
C2041291172,1,2.686564e+06,1,2.686564e+06,2.686564e+06,2.686564e+06,1,1,65
C1590550415,7,3.2903915e+06,7,470055.94,1.5382004e+06,2.0501766e+06,0,0,65
C2083562754,7,4.5299305e+06,7,647132.94,2.7012508e+06,47960.73,0,0,65
C440082302,7,3.7153315e+06,7,530761.6,1.6317778e+06,79892.766,0,0,65
C1888627782,1,684753.44,1,684753.44,684753.44,684753.44,1,0,65
C493503648,6,1.4723468e+06,6,245391.12,634773.8,108053.52,0,0,65
C928023753,6,3.0114375e+06,6,501906.25,2.1600802e+06,247754.81,0,0,65
C1570256460,6,6.4102825e+06,6,1.0683804e+06,5.460003e+06,1.8146336e+06,0,1,65
C91706887,6,2.8567465e+06,6,476124.4,1.3033368e+06,655634.75,0,0,65
C1029125570,6,2.7205375e+06,6,453422.9,1.828735e+06,148898.94,0,0,65
C193080093,1,2.0239201e+06,1,2.0239201e+06,2.0239201e+06,2.0239201e+06,1,1,65
C449261773,1,2.9304185e+06,1,2.9304185e+06,2.9304185e+06,2.9304185e+06,1,1,65
C1907159141,6,1.6413135e+06,6,273552.25,635367.0,367920.34,0,0,65
C909295153,6,2.554908e+06,6,425818.0,984994.75,365225.4,0,0,65
C2050426176,7,5.180023e+06,7,740003.3,2.754383e+06,576571.94,0,0,65
C985934102,7,2.680991e+06,7,382998.72,979818.75,777976.94,0,0,65
C1882170630,6,2.400177e+06,6,400029.5,1.0961444e+06,608365.0,0,0,65
C451111351,6,2.6228088e+06,6,437134.78,1.1703894e+06,837534.25,0,0,65
C90486891,6,2.0964474e+06,6,349407.9,1.2049798e+06,50118.25,0,0,65
C991505714,6,4.8847175e+06,6,814119.56,3.4578072e+06,847753.8,0,0,65
C453211571,6,3.0984205e+06,6,516403.4,1.7418131e+06,889868.8,0,0,65
C534284858,6,5.869733e+06,6,978288.8,1.7980024e+06,634233.25,0,0,65
C1607596122,7,2.9610472e+06,7,423006.75,1.8400966e+06,317930.03,0,0,65
C1002545847,6,1.7610746e+06,6,293512.44,640204.1,345402.47,0,0,65
C88641718,6,2.4436128e+06,6,407268.78,1.1804385e+06,88242.336,0,0,65
C1466511502,1,865948.5,1,865948.5,865948.5,865948.5,1,1,65
C1493513506,6,1.0655041e+06,6,177584.02,503975.25,925242.7,0,0,65
C97730845,9,3.6040085e+06,9,400445.38,825900.44,1.4840935e+06,0,0,65
C316106307,5,5.074712e+06,5,1.0149424e+06,2.0198294e+06,285202.9,0,0,55
C323287038,5,3.369962e+06,5,673992.4,2.36424e+06,238031.6,0,0,55
C435354464,1,368596.06,1,368596.06,368596.06,368596.06,1,0,55
C388527639,4,1.72822e+06,4,432055.0,809734.75,61448.656,0,0,55
C44200900,4,1.6620949e+06,4,415523.72,671004.3,167751.12,0,0,55
C444647547,5,3.2791562e+06,5,655831.25,1.9321456e+06,888530.6,0,0,55
C312865842,1,77773.14,1,77773.14,77773.14,77773.14,1,1,55
C311901651,5,2.2197065e+06,5,443941.3,851782.3,70124.85,0,0,55
C456305354,4,1.2301126e+06,4,307528.16,614396.8,166214.53,0,0,55
C459172227,4,1.5031189e+06,4,375779.72,517540.38,710257.56,0,0,55
C306888231,4,1.9750929e+06,4,493773.22,767986.4,101471.52,0,0,55
C331269897,4,1.2782115e+06,4,319552.88,641093.06,219638.5,0,0,55
C34078006,4,1.5307938e+06,4,382698.44,1.2556658e+06,338544.44,0,0,55
C432151977,4,1.4815195e+06,4,370379.88,508178.7,267120.38,0,0,55
C363333282,4,1.1892588e+06,4,297314.7,593271.0,164451.92,0,0,55
C385968765,5,2.117026e+06,5,423405.2,761023.44,53871.324,0,0,55
C382934088,4,1.2871222e+06,4,321780.56,664845.6,153140.83,0,0,55
C381132810,4,2.5093258e+06,4,627331.44,2.1474345e+06,283094.16,0,0,55
C392292416,5,1.3525488e+06,5,270509.75,723057.5,950082.6,0,0,55
C374625527,4,2.2649795e+06,4,566244.9,1.1602129e+06,2.19375e+06,0,0,55
C41267144,4,2.3163892e+06,4,579097.3,1.377271e+06,508385.3,0,0,55
C41759967,4,1.4067445e+06,4,351686.12,630039.5,102382.75,0,0,55
C372943559,5,3.9499182e+06,5,789983.6,2.174408e+06,150992.25,0,0,55
C372709888,4,947834.4,4,236958.6,506327.8,157403.03,0,0,55
C372017580,5,3.4313772e+06,5,686275.44,1.5425826e+06,207495.25,0,0,55
C3574423,4,818873.1,4,204718.28,595780.56,79795.53,0,0,55
C34016358,5,1.7982878e+06,5,359657.56,1.377918e+06,86225.79,0,0,55
C356500145,4,3.6758608e+06,4,918965.2,2.722319e+06,98766.81,0,0,55
C354692474,4,1.4661281e+06,4,366532.03,532822.7,233770.81,0,0,55
C351654810,4,1.01917575e+06,4,254793.94,558401.7,56996.625,0,0,55
C350073748,6,1.2263322e+06,6,204388.7,457714.62,124023.62,1,0,55
C34257403,1,1842.0,1,1842.0,1842.0,1842.0,1,1,55
C340937308,1,33164.88,1,33164.88,33164.88,33164.88,1,0,55
C386312539,5,3.0989548e+06,5,619790.94,2.1218785e+06,370269.16,0,0,55
C422003522,4,2.2351908e+06,4,558797.7,1.395334e+06,533034.1,0,0,55
C426416592,8,1.2606385e+06,8,157579.81,395859.44,693107.0,0,0,55
C429582623,5,3.0926772e+06,5,618535.44,1.5070936e+06,104023.65,0,0,55
C1000124976,5,1.3864611e+06,5,277292.22,962411.06,66418.734,0,0,55
C272881310,5,2.295891e+06,5,459178.2,932152.6,274146.12,0,0,55
C301302016,1,32382.96,1,32382.96,32382.96,32382.96,1,1,55
C2075822976,4,936188.1,4,234047.03,501381.28,277898.5,0,0,55
C2119285300,1,18065.5,1,18065.5,18065.5,18065.5,1,0,55
C2116873183,4,3.5695592e+06,4,892389.8,1.9377326e+06,981115.9,0,0,55
C2116841940,4,1.0798152e+06,4,269953.8,598728.44,236609.5,0,0,55
C2116285782,4,1.3841978e+06,4,346049.44,851898.56,445556.44,0,0,55
C2115692415,4,4.1002688e+06,4,1.0250672e+06,1.9451194e+06,42648.688,0,0,55
C2113748097,4,2.0411889e+06,4,510297.22,1.3244751e+06,113442.59,0,0,55
C2110496596,4,1.056984e+06,4,264246.0,591289.9,179194.0,0,0,55
C2110306645,4,817047.5,4,204261.88,660983.4,96990.24,0,0,55
C2107960573,4,2.5521532e+06,4,638038.3,1.4102754e+06,332280.16,0,0,55
C2106301831,4,1.6483591e+06,4,412089.78,558131.94,22204.375,0,0,55
C209818011,4,2.2140405e+06,4,553510.1,1.0784902e+06,66393.36,0,0,55
C2093094872,4,1.1797475e+06,4,294936.88,562976.44,209400.67,0,0,55
C2088397240,4,1.830761e+06,4,457690.25,875308.5,218827.31,0,0,55
C2078011503,5,1.5025135e+06,5,300502.7,737566.56,242288.66,0,0,55
C2074430150,4,986715.1,4,246678.78,719525.1,72300.25,0,0,55
C2131465140,4,1.572038e+06,4,393009.5,544676.94,462519.12,0,0,55
C2065425667,1,63400.49,1,63400.49,63400.49,63400.49,1,0,55
C2063532362,4,1.1479042e+06,4,286976.06,750292.2,530551.94,0,0,55
C2063353843,5,3.2978085e+06,5,659561.7,1.024067e+06,7191.8,0,0,55
C2052185144,4,2.7589752e+06,4,689743.8,1.9031316e+06,196789.55,0,0,55
C204972098,1,35210.33,1,35210.33,35210.33,35210.33,1,0,55
C2040657244,5,1.6561386e+06,5,331227.72,511459.6,76082.7,0,0,55
C2036132277,5,3.1594642e+06,5,631892.9,1.3152448e+06,453499.3,0,0,55
C2035145536,4,3.5434028e+06,4,885850.7,2.4680862e+06,89414.625,0,0,55
C2034160388,4,1.2105312e+06,4,302632.8,572411.0,575747.9,0,0,55
C2033729221,1,125982.46,1,125982.46,125982.46,125982.46,1,0,55
C2029331819,1,92248.55,1,92248.55,92248.55,92248.55,1,0,55
C2020180625,4,1.2625444e+06,4,315636.1,953774.9,578623.94,0,0,55
C201995133,4,1.9399615e+06,4,484990.38,1.5091805e+06,400939.47,0,0,55
C2019447632,4,875273.9,4,218818.47,521533.0,218318.31,0,0,55
C2120647610,6,750775.06,6,125129.18,315048.88,44721.406,0,0,55
C2136124320,4,3.6016802e+06,4,900420.06,2.2865288e+06,47949.938,0,0,55
C300465207,1,42341.3,1,42341.3,42341.3,42341.3,1,0,55
C265108079,4,1.7809659e+06,4,445241.47,607177.1,1.6234026e+06,0,0,55
C300460332,5,4.240996e+06,5,848199.2,1.7767438e+06,263885.8,0,0,55
C300399724,4,1.0189847e+06,4,254746.17,573634.5,73915.17,0,0,55
C298492445,4,1.179082e+06,4,294770.5,642506.06,77653.75,0,0,55
C295081230,4,4.1085442e+06,4,1.02713606e+06,3.754406e+06,385025.56,0,0,55
C293538711,4,4.0470485e+06,4,1.0117621e+06,1.479322e+06,455740.8,0,0,55
C290522291,6,1.4714539e+06,6,245242.31,404160.0,169941.75,0,0,55
C288440707,5,1.7424096e+06,5,348481.94,604038.8,80665.7,0,0,55
C279542011,5,1.4320379e+06,5,286407.56,744301.2,423929.5,0,0,55
C275368858,4,1.02393075e+06,4,255982.69,548743.94,26261.031,0,0,55
C273789858,5,3.4391222e+06,5,687824.44,1.985305e+06,588065.06,0,0,55
C464451704,4,2.132983e+06,4,533245.75,1.1051148e+06,455897.66,0,0,55
C2675890,4,2.7031678e+06,4,675791.94,1.3018842e+06,321506.94,0,0,55
C267136656,4,2.418742e+06,4,604685.5,1.6256621e+06,9854.594,0,0,55
C265845794,5,2.1802075e+06,5,436041.5,1.3546421e+06,560964.25,0,0,55
C264843581,5,1.7975725e+06,5,359514.5,585249.6,65864.19,0,0,55
C2137632979,5,2.0287981e+06,5,405759.62,1.106411e+06,256643.28,0,0,55
C263577281,4,1.1370045e+06,4,284251.12,773836.0,471801.38,0,0,55
C262732974,6,1.3014675e+06,6,216911.25,367023.44,49426.832,0,0,55
C257329162,5,2.2530958e+06,5,450619.16,848425.9,191406.8,0,0,55
C253298665,4,1.02377844e+06,4,255944.61,752225.44,83140.0,0,0,55
C246034407,1,148107.19,1,148107.19,148107.19,148107.19,1,0,55
C240272195,4,1.1694346e+06,4,292358.66,532972.75,640737.0,0,0,55
C235134587,1,53400.14,1,53400.14,53400.14,53400.14,1,0,55
C230816700,5,2.6854635e+06,5,537092.7,1.497445e+06,165944.94,0,0,55
C226448711,1,57177.7,1,57177.7,57177.7,57177.7,1,0,55
C225930750,4,1.3152992e+06,4,328824.8,782695.7,42935.023,0,0,55
C22448303,5,1.5355938e+06,5,307118.75,1.119574e+06,571039.8,0,0,55
C223031720,4,2.1151078e+06,4,528776.94,1.7385032e+06,32092.312,0,0,55
C2147195354,4,847826.2,4,211956.55,634253.8,199034.98,0,0,55
C2145867337,5,2.0044785e+06,5,400895.7,1.03512106e+06,282910.6,0,0,55
C464345779,5,3.4993375e+06,5,699867.5,1.6441201e+06,328824.0,0,0,55
C524364055,4,1.3177804e+06,4,329445.1,529902.1,75875.06,0,0,55
C474567538,4,1.3017084e+06,4,325427.1,624944.44,55100.68,0,0,55
C837153776,5,2.429534e+06,5,485906.8,1.1022329e+06,1.1472112e+06,0,0,55
C815431702,4,1.7114762e+06,4,427869.06,1.00793e+06,517405.7,0,0,55
C815677236,4,1.4370534e+06,4,359263.34,615797.0,707835.4,0,0,55
C819110094,4,2.5649295e+06,4,641232.4,1.6414356e+06,64160.656,0,0,55
C824019285,4,1.8306525e+06,4,457663.12,1.4566459e+06,278200.2,0,0,55
C830831744,4,3.582712e+06,4,895678.0,2.140316e+06,324438.62,0,0,55
C836250408,4,5.959431e+06,4,1.4898578e+06,2.9676262e+06,531248.94,0,0,55
C861720625,5,1.5321955e+06,5,306439.1,809630.1,224837.88,0,0,55
C814900611,4,3.234655e+06,4,808663.75,1.7210058e+06,1.00385925e+06,0,0,55
C863357957,4,2.1381022e+06,4,534525.56,1.0756051e+06,17854.5,0,0,55
C863558495,4,1.9206151e+06,4,480153.78,1.3035764e+06,121365.25,0,0,55
C863811613,5,5.947796e+06,5,1.1895592e+06,2.174268e+06,6.673825e+06,0,0,55
C863905127,4,1.406156e+06,4,351539.0,950741.75,70568.125,0,0,55
C864078397,4,902973.4,4,225743.34,641121.6,497982.4,0,0,55
C878374257,4,2.0244735e+06,4,506118.38,1.5015612e+06,417754.0,0,0,55
C815264031,4,1.0957822e+06,4,273945.56,504512.1,1.4559985e+06,0,0,55
C81095635,5,2.41073e+06,5,482146.0,1.1141989e+06,207340.44,0,0,55
C475291724,1,105003.42,1,105003.42,105003.42,105003.42,1,0,55
C782432613,5,1.635343e+06,5,327068.6,757954.7,268994.84,0,0,55
C757734131,4,1.454045e+06,4,363511.25,568930.06,36753.938,0,0,55
C75876659,4,1.3479514e+06,4,336987.84,1.074756e+06,364494.34,0,0,55
C769777975,5,2.3984528e+06,5,479690.56,1.3179115e+06,293867.2,0,0,55
C775859932,4,2.475282e+06,4,618820.5,1.6141398e+06,181526.62,0,0,55
C779978956,4,1.2000915e+06,4,300022.88,940299.1,317771.38,0,0,55
C780950222,5,4.52574e+06,5,905148.0,1.9969392e+06,277672.94,0,0,55
C786903522,1,62806.34,1,62806.34,62806.34,62806.34,1,0,55
C810576909,5,1.8458881e+06,5,369177.62,675762.44,274259.47,0,0,55
C787040724,5,1.3374128e+06,5,267482.56,633621.25,274946.25,0,0,55
C791171671,1,63062.85,1,63062.85,63062.85,63062.85,1,0,55
C791710001,4,1.6008848e+06,4,400221.2,1.0240965e+06,481401.3,0,0,55
C798678484,5,1.5177088e+06,5,303541.75,517419.66,263548.84,0,0,55
C807247901,5,1.5454895e+06,5,309097.9,1.1846356e+06,621692.4,0,0,55
C807556315,1,172683.8,1,172683.8,172683.8,172683.8,1,0,55
C878725258,5,1.0818044e+06,5,216360.88,530364.8,201527.9,0,0,55
C879842,4,1.6099291e+06,4,402482.28,652910.1,365956.94,0,0,55
C881133645,4,1.5230888e+06,4,380772.2,1.1255905e+06,281397.7,0,0,55
C977990184,4,3.270591e+06,4,817647.75,1.9342996e+06,943430.25,0,0,55
C962836132,4,1.210027e+06,4,302506.75,589110.6,217676.44,0,0,55
C963712724,4,1.310201e+06,4,327550.25,841699.7,33844.914,0,0,55
C963801415,5,2.3951125e+06,5,479022.5,1.4248019e+06,17959.475,0,0,55
C968448640,5,2.4449455e+06,5,488989.1,1.366314e+06,561946.4,0,0,55
C974825713,4,3.357501e+06,4,839375.25,2.1352122e+06,144036.44,0,0,55
C977895157,5,1.7783492e+06,5,355669.84,1.1527044e+06,86510.46,0,0,55
C980685280,4,1.3786328e+06,4,344658.2,895515.8,112502.75,0,0,55
C88304043,1,110366.35,1,110366.35,110366.35,110366.35,1,0,55
C981116444,5,2.1446825e+06,5,428936.5,839020.4,394736.66,0,0,55
C985702370,5,1.433369e+06,5,286673.8,731357.9,83367.6,0,0,55
C988582803,4,910014.2,4,227503.55,553127.2,367217.94,0,0,55
C993119318,4,1.4214744e+06,4,355368.6,551589.9,58816.688,0,0,55
C99509209,4,1.9357148e+06,4,483928.7,1.0294477e+06,1.2194011e+06,0,0,55
C996916993,4,1.5889404e+06,4,397235.1,996493.7,308159.6,0,0,55
C961436282,1,66200.76,1,66200.76,66200.76,66200.76,1,0,55
C955352041,4,1.8369372e+06,4,459234.3,971109.4,162678.86,0,0,55
C948734440,4,1.7901549e+06,4,447538.72,1.3399598e+06,309039.94,0,0,55
C944858368,4,1.6627572e+06,4,415689.3,938500.25,177969.06,0,0,55
C942887675,1,29067.81,1,29067.81,29067.81,29067.81,1,0,55
C937018135,1,24402.68,1,24402.68,24402.68,24402.68,1,0,55
C936540384,4,1.4700101e+06,4,367502.53,924616.7,1.111505e+06,0,0,55
C935135907,4,1.5587662e+06,4,389691.56,686007.7,238904.66,0,0,55
C932583850,4,1.2789058e+06,4,319726.44,659973.4,1.8481569e+06,0,0,55
C910245119,4,1.9052422e+06,4,476310.56,1.0835775e+06,503102.3,1,0,55
C909222315,1,31074.48,1,31074.48,31074.48,31074.48,1,0,55
C908043384,5,1.5181591e+06,5,303631.8,583683.3,138659.55,0,0,55
C904383922,4,1.1369695e+06,4,284242.38,558168.75,681623.5,0,0,55
C898862917,4,1.8967418e+06,4,474185.44,794319.94,183054.5,0,0,55
C896393489,4,1.9381214e+06,4,484530.34,890723.1,968301.0,0,0,55
C89591831,4,4.5071875e+06,4,1.1267969e+06,3.0988515e+06,141597.88,0,0,55
C884017599,4,1.4455685e+06,4,361392.12,546531.94,151427.1,0,0,55
C753282599,4,1.2203162e+06,4,305079.06,514975.6,158636.4,0,0,55
C752637915,4,1.1776282e+06,4,294407.06,936372.2,84635.44,0,0,55
C751389024,5,1.6072026e+06,5,321440.53,926942.6,231529.47,0,0,55
C578294406,6,1.7248588e+06,6,287476.47,420646.9,403317.22,0,0,55
C536894379,4,1.8721085e+06,4,468027.12,1.4818052e+06,13624.125,0,0,55
C540629758,5,3.9261032e+06,5,785220.6,2.931701e+06,77528.51,0,0,55
C543224338,4,1.261123e+06,4,315280.75,631584.1,297989.0,0,0,55
C54468442,4,2.8065638e+06,4,701640.94,1.8365349e+06,86748.5,0,0,55
C544949590,4,1.7689405e+06,4,442235.12,1.1646e+06,264096.0,0,0,55
C575555170,5,3.482248e+06,5,696449.6,2.143256e+06,176139.48,0,0,55
C578599557,4,1.4237618e+06,4,355940.44,672593.0,125271.61,0,0,55
C611711444,4,1.5939925e+06,4,398498.12,902164.3,113241.28,0,0,55
C58333888,5,3.247512e+06,5,649502.4,2.2887368e+06,575570.2,0,0,55
C590310947,4,1.5312931e+06,4,382823.28,956237.94,123633.25,0,0,55
C593478030,4,1.0191764e+06,4,254794.1,533498.56,277212.44,0,0,55
C594040210,5,1.6735844e+06,5,334716.88,641583.9,57548.77,0,0,55
C597190999,4,3.7714952e+06,4,942873.8,2.4544815e+06,509265.3,0,0,55
C598051394,4,2.1747805e+06,4,543695.1,1.6363978e+06,110929.83,0,0,55
C53292211,5,1.2154736e+06,5,243094.72,684988.7,89252.96,0,0,55
C529632678,4,1.8159138e+06,4,453978.44,1.1117209e+06,214257.0,0,0,55
C51556001,1,139229.4,1,139229.4,139229.4,139229.4,1,0,55
C512589163,4,1.0811536e+06,4,270288.4,505574.9,300424.7,0,0,55
C510113906,4,3.286165e+06,4,821541.25,2.5904435e+06,193434.06,0,0,55
C509356933,1,65187.08,1,65187.08,65187.08,65187.08,1,0,55
C503986394,1,2395.29,1,2395.29,2395.29,2395.29,1,1,55
C50041073,4,1.9376868e+06,4,484421.7,1.5948245e+06,487132.7,0,0,55
C498867205,5,1.254754e+06,5,250950.8,613436.9,61105.54,0,0,55
C496695089,4,3.1898985e+06,4,797474.6,934915.0,261740.44,0,0,55
C492997256,5,2.1403245e+06,5,428064.9,913261.06,1.1617012e+06,0,0,55
C49015476,5,1.9836359e+06,5,396727.2,1.0835958e+06,227946.38,0,0,55
C488664890,1,47715.19,1,47715.19,47715.19,47715.19,1,0,55
C488170925,1,124842.7,1,124842.7,124842.7,124842.7,1,0,55
C488011624,5,1.1022336e+06,5,220446.72,676656.56,88993.21,0,0,55
C486108916,6,1.1334824e+06,6,188913.73,274285.53,37190.293,0,0,55
C481402298,4,5.131102e+06,4,1.2827755e+06,3.052191e+06,1.1519055e+06,0,0,55
C609116570,4,3.717165e+06,4,929291.25,3.2151245e+06,1.0372571e+06,0,0,55
C615098252,4,3.0911925e+06,4,772798.1,2.319452e+06,185859.4,0,0,55
C750027742,4,1.0576345e+06,4,264408.62,622728.75,12395.047,0,0,55
C717951588,4,1.240307e+06,4,310076.75,619286.7,169852.56,0,0,55
C691404076,5,1.2722132e+06,5,254442.66,512531.25,326199.5,0,0,55
C703957828,4,2.3430615e+06,4,585765.4,1.8061279e+06,134444.0,0,0,55
C70462365,4,2.7301145e+06,4,682528.6,1.9667936e+06,2476.9375,0,0,55
C707240698,1,29026.47,1,29026.47,29026.47,29026.47,1,0,55
C712956349,4,1.4784695e+06,4,369617.38,1.171437e+06,429882.78,0,0,55
C716083600,4,4.336754e+06,4,1.0841885e+06,3.2538102e+06,1.8480829e+06,0,0,55
C720370261,5,3.1390132e+06,5,627802.6,1.157044e+06,591317.06,0,0,55
C618155294,4,1.7457601e+06,4,436440.03,1.2050482e+06,150591.58,0,0,55
C726025092,5,1.9648328e+06,5,392966.56,793379.5,14246.5,0,0,55
C735909491,4,3.5267985e+06,4,881699.6,2.6726475e+06,385194.56,0,0,55
C73851048,4,1.4101501e+06,4,352537.53,534664.7,120379.414,0,0,55
C741924904,4,2.7838245e+06,4,695956.1,1.499937e+06,24313.938,0,0,55
C742335258,4,1.2961822e+06,4,324045.56,695574.75,120821.8,0,0,55
C748889213,1,16614.82,1,16614.82,16614.82,16614.82,1,1,55
C687153730,1,91687.18,1,91687.18,91687.18,91687.18,1,0,55
C683891649,5,2.545922e+06,5,509184.4,1.6358222e+06,1.8120644e+06,0,0,55
C683605346,4,2.0337978e+06,4,508449.44,1.0054314e+06,949916.1,0,0,55
C682451393,4,1.2825596e+06,4,320639.9,745817.8,96240.69,0,0,55
C681419196,4,1.6085069e+06,4,402126.72,743084.75,253744.9,0,0,55
C680062071,6,1.6403348e+06,6,273389.12,464683.03,86283.69,0,0,55
C663929766,4,2.5011945e+06,4,625298.6,2.0563211e+06,636555.0,0,0,55
C662736689,5,4.829825e+06,5,965965.0,2.2342888e+06,197668.3,0,0,55
C660965656,4,2.1925682e+06,4,548142.06,857280.56,360048.47,0,0,55
C660101474,6,1.3207315e+06,6,220121.92,431143.38,147991.7,0,0,55
C659787299,4,1.3139272e+06,4,328481.8,926116.25,82983.69,0,0,55
C646059443,5,1.1247612e+06,5,224952.25,763796.25,152472.16,0,0,55
C645012466,4,1.415877e+06,4,353969.25,898519.0,298094.4,0,0,55
C64405075,1,312420.9,1,312420.9,312420.9,312420.9,1,0,55
C639464273,4,1.3708092e+06,4,342702.3,928929.7,210781.19,0,0,55
C638776676,4,2.7375018e+06,4,684375.44,1.4569634e+06,558943.75,0,0,55
C634210724,1,14949.84,1,14949.84,14949.84,14949.84,1,1,55
C2017192963,1,9520.72,1,9520.72,9520.72,9520.72,1,0,55
C1918034924,4,2.8825612e+06,4,720640.3,1.9344e+06,355586.75,0,0,55
C2013854563,4,1.7931706e+06,4,448292.66,1.467841e+06,496493.0,0,0,55
C134077621,1,147089.69,1,147089.69,147089.69,147089.69,1,0,55
C13155908,4,1.2822042e+06,4,320551.06,538500.7,214076.75,0,0,55
C1320515149,4,1.6155904e+06,4,403897.6,1.1027404e+06,461506.0,0,0,55
C1321802524,4,900762.6,4,225190.66,510021.78,574396.0,0,0,55
C1323988552,1,19043.87,1,19043.87,19043.87,19043.87,1,0,55
C1325988604,1,202578.2,1,202578.2,202578.2,202578.2,1,0,55
C1330106945,4,1.888101e+06,4,472025.25,1.3141322e+06,223865.31,0,0,55
C1341257842,5,917625.0,5,183525.0,533513.0,6086.681,0,0,55
C1306274803,5,1.8373999e+06,5,367479.97,749583.75,184573.62,0,0,55
C1344195521,4,2.826018e+06,4,706504.5,1.5916316e+06,45886.617,0,0,55
C1346067945,4,1.3006892e+06,4,325172.3,549708.4,373044.25,0,0,55
C1353660981,1,70642.71,1,70642.71,70642.71,70642.71,1,0,55
C1353662525,4,1.03318306e+06,4,258295.77,621297.9,210187.4,0,0,55
C1360211577,5,1.8152308e+06,5,363046.16,1.1133591e+06,298955.94,0,0,55
C1361864867,5,1.2663781e+06,5,253275.62,847825.9,74705.8,0,0,55
C1314181319,1,41018.35,1,41018.35,41018.35,41018.35,1,0,55
C1305830291,4,1.8305181e+06,4,457629.53,1.111918e+06,136190.12,0,0,55
C1227603646,4,1.1897629e+06,4,297440.72,549997.25,118014.52,0,0,55
C125722707,5,1.4892001e+06,5,297840.03,886484.8,136795.78,0,0,55
C1231540556,5,3.669902e+06,5,733980.4,2.2348322e+06,89965.7,0,0,55
C1240386675,4,1.7182186e+06,4,429554.66,988473.94,172505.66,0,0,55
C1243883161,1,136065.25,1,136065.25,136065.25,136065.25,1,0,55
C1244947864,4,2.0893184e+06,4,522329.6,1.5521492e+06,175435.53,0,0,55
C1245552935,4,1.5299434e+06,4,382485.84,669254.06,83172.18,0,0,55
C1254117524,1,122199.34,1,122199.34,122199.34,122199.34,1,0,55
C1265155465,1,157928.67,1,157928.67,157928.67,157928.67,1,0,55
C1303868418,5,2.2654962e+06,5,453099.25,1.1748932e+06,929361.8,0,0,55
C1268693750,4,2.1659148e+06,4,541478.7,976720.94,1.298441e+06,0,0,55
C1279827292,4,5.110469e+06,4,1.2776172e+06,2.5145808e+06,923425.06,0,0,55
C1284979503,1,230176.78,1,230176.78,230176.78,230176.78,1,0,55
C1296679156,4,1.2895395e+06,4,322384.88,516590.62,872510.6,0,0,55
C1298333001,4,1.1498118e+06,4,287452.94,619166.44,389572.84,0,0,55
C1300519073,4,1.818523e+06,4,454630.75,829941.9,820529.5,0,0,55
C1361885449,4,1.4929688e+06,4,373242.2,757292.1,130279.375,0,0,55
C1365750193,1,102691.83,1,102691.83,102691.83,102691.83,1,0,55
C1369695156,5,782730.25,5,156546.05,507286.2,1.2988578e+06,0,0,55
C1446521801,4,2.679946e+06,4,669986.5,1.6177756e+06,516168.38,0,0,55
C1434980121,1,37170.33,1,37170.33,37170.33,37170.33,1,0,55
C1435027658,4,982490.6,4,245622.66,517093.88,94187.7,0,0,55
C1437735369,4,1.7143508e+06,4,428587.7,1.0776831e+06,51529.008,0,0,55
C1438689128,4,2.7068505e+06,4,676712.6,2.1821178e+06,97143.44,0,0,55
C14440699,4,3.538027e+06,4,884506.75,2.6883165e+06,1.2515905e+06,0,0,55
C1444842411,5,4.2877235e+06,5,857544.7,1.9931432e+06,47020.023,0,0,55
C1449345473,4,858604.3,4,214651.08,594823.75,198189.4,0,0,55
C1373172466,4,2.3294468e+06,4,582361.7,1.7481962e+06,863988.8,0,0,55
C1450150251,5,3.1519045e+06,5,630380.9,1.2787542e+06,30373.85,0,0,55
C1453128758,4,1.2279762e+06,4,306994.06,839614.4,70123.8,0,0,55
C145593324,4,1.327438e+06,4,331859.5,865294.25,19399.086,0,0,55
C1459757869,5,2.781591e+06,5,556318.2,959019.7,1.0197378e+06,0,0,55
C1465718273,5,2.9419558e+06,5,588391.1,1.1841176e+06,162104.22,0,0,55
C1466986326,1,74593.02,1,74593.02,74593.02,74593.02,1,0,55
C1427427152,1,197846.75,1,197846.75,197846.75,197846.75,1,0,55
C1426908073,5,1.4252135e+06,5,285042.7,500739.75,666253.8,0,0,55
C1426855526,5,1.9530158e+06,5,390603.16,798077.2,353724.94,0,0,55
C141706120,4,1.3840068e+06,4,346001.7,779994.06,163478.58,0,0,55
C1404867668,5,1.2879442e+06,5,257588.84,677398.1,63011.426,0,0,55
C1401316767,4,5.6283795e+06,4,1.4070949e+06,2.701616e+06,110599.51,0,0,55
C139688944,4,1.2783539e+06,4,319588.47,832075.6,86765.5,0,0,55
C1395959888,5,1.6657028e+06,5,333140.56,883244.3,132291.7,0,0,55
C1393612077,4,3.303934e+06,4,825983.5,2.1291485e+06,1.5496848e+06,0,0,55
C139021033,4,1.5689071e+06,4,392226.78,691011.7,49970.86,0,0,55
C1387674302,4,2.959595e+06,4,739898.75,1.4803549e+06,346643.47,0,0,55
C1387040564,4,2.705424e+06,4,676356.0,1.560389e+06,311629.03,0,0,55
C1386961227,1,13159.81,1,13159.81,13159.81,13159.81,1,0,55
C1383446722,7,1.6584498e+06,7,236921.39,448422.7,68489.63,0,0,55
C1382919334,4,2.2185472e+06,4,554636.8,1.0724296e+06,84344.875,0,0,55
C1379031360,5,3.7360682e+06,5,747213.6,1.760092e+06,883314.6,0,0,55
C1376209609,4,1.1093878e+06,4,277346.94,522406.2,37181.85,0,0,55
C1227688628,5,1.2443791e+06,5,248875.83,507433.28,329968.28,0,0,55
C1222946304,1,168794.44,1,168794.44,168794.44,168794.44,1,0,55
C1470629039,4,2.0038418e+06,4,500960.44,976121.8,729619.94,0,0,55
C1062650008,5,3.7731265e+06,5,754625.3,1.3836148e+06,1.1324214e+06,0,0,55
C105002686,4,880669.4,4,220167.34,534786.44,114070.83,0,0,55
C1054909747,4,890014.4,4,222503.6,583485.9,4045.2188,0,0,55
C10550299,4,1.6576021e+06,4,414400.53,796423.5,794820.0,0,0,55
C1060041730,4,2.2252205e+06,4,556305.1,1.8759914e+06,2.640502e+06,0,0,55
C106155415,4,1.4837108e+06,4,370927.7,852476.0,75609.125,0,0,55
C1061940664,1,52800.71,1,52800.71,52800.71,52800.71,1,0,55
C1065349988,5,1.4472678e+06,5,289453.56,907760.0,84548.27,0,0,55
C1046842809,4,2.1865775e+06,4,546644.4,1.4938009e+06,214040.75,0,0,55
C1069568462,5,1.2774129e+06,5,255482.58,838807.0,283947.7,0,0,55
C1071364078,4,1.9779015e+06,4,494475.38,1.5297379e+06,51313.047,0,0,55
C1073615783,4,1.1964391e+06,4,299109.78,519678.94,157649.33,0,0,55
C107918665,4,2.0151864e+06,4,503796.6,1.0868118e+06,37650.625,0,0,55
C108063567,4,2.636709e+06,4,659177.25,1.2468711e+06,199087.81,0,0,55
C108689178,4,1.0759602e+06,4,268990.06,794361.7,295509.03,0,0,55
C1048855692,5,1.3777488e+06,5,275549.75,598198.3,95516.45,0,0,55
C1045355083,1,26116.5,1,26116.5,26116.5,26116.5,1,0,55
C1219457970,5,2.1673455e+06,5,433469.1,931693.4,97677.15,0,0,55
C1024208640,5,1.2799245e+06,5,255984.9,557547.94,132026.7,0,0,55
C1003839350,1,69108.08,1,69108.08,69108.08,69108.08,1,0,55
C100555887,4,1.3539971e+06,4,338499.28,550940.8,364192.94,0,0,55
C1010765614,5,4.033447e+06,5,806689.4,3.0551982e+06,147996.16,0,0,55
C1018546641,4,1.7627234e+06,4,440680.84,599074.94,263248.03,0,0,55
C1019670582,5,4.301385e+06,5,860277.0,2.7508312e+06,746104.3,0,0,55
C1023714065,5,1.1510156e+06,5,230203.12,540789.56,1.3752546e+06,0,0,55
C1031639563,5,1.5387065e+06,5,307741.3,838333.8,575930.1,0,0,55
C1045308594,4,2.6865332e+06,4,671633.3,1.2985739e+06,94158.0,0,0,55
C1031841806,1,133368.73,1,133368.73,133368.73,133368.73,1,0,55
C1034339016,8,991956.4,8,123994.55,266330.75,74783.19,0,0,55
C1034367919,1,124017.96,1,124017.96,124017.96,124017.96,1,0,55
C1034584766,4,2.426653e+06,4,606663.25,1.5640884e+06,642578.0,0,0,55
C1040847151,5,1.5970969e+06,5,319419.38,549827.9,2.4903115e+06,0,0,55
C1044487501,4,1.3740098e+06,4,343502.44,834798.56,97890.98,0,0,55
C1089021235,4,2.7283832e+06,4,682095.8,1.3333722e+06,63512.312,0,0,55
C1095109810,5,1.3184174e+06,5,263683.47,764503.56,126742.75,0,0,55
C1096283470,5,3.3367535e+06,5,667350.7,1.9524026e+06,247923.92,0,0,55
C1186285732,4,1.3697734e+06,4,342443.34,653541.06,76223.33,0,0,55
C1165951546,4,1.03212325e+06,4,258030.81,527204.9,108210.93,0,0,55
C1174496884,4,2.4055985e+06,4,601399.6,1.901855e+06,496514.0,0,0,55
C118136684,4,1.0058264e+06,4,251456.6,553938.8,240394.31,0,0,55
C1181708889,5,2.8150235e+06,5,563004.7,1.9241898e+06,435508.0,0,0,55
C1185473041,4,2.095927e+06,4,523981.75,1.2022085e+06,31430.875,0,0,55
C1185567380,4,1.0667625e+06,4,266690.62,759990.2,63820.98,0,0,55
C1200289009,1,59268.63,1,59268.63,59268.63,59268.63,1,0,55
C1096333324,5,786336.25,5,157267.25,554851.3,19873.1,0,0,55
C1200612373,5,882535.75,5,176507.16,530554.1,490226.06,0,0,55
C1204684191,5,3.0589712e+06,5,611794.25,1.4502786e+06,347436.1,0,0,55
C1205080315,4,1.2363319e+06,4,309082.97,810578.0,1.1442708e+06,0,0,55
C1207843062,1,43709.34,1,43709.34,43709.34,43709.34,1,0,55
C1213274351,1,387952.4,1,387952.4,387952.4,387952.4,1,1,55
C1213485528,7,651956.56,7,93136.65,465420.3,16922.65,0,0,55
C1163088488,4,1.0774e+06,4,269350.0,814314.7,29594.875,0,0,55
C1162775738,5,1.8198235e+06,5,363964.7,506763.06,224701.34,0,0,55
C1162171909,4,1.2395206e+06,4,309880.16,517313.8,224777.5,0,0,55
C1155838976,4,1.4050804e+06,4,351270.1,580653.6,60678.312,0,0,55
C1151964959,4,3.0992415e+06,4,774810.4,1.0297563e+06,1.213051e+06,0,0,55
C1151488145,4,1.0951168e+06,4,273779.2,517263.38,41954.83,0,0,55
C1149788645,5,5.4172665e+06,5,1.0834532e+06,2.9850312e+06,1.366118e+06,0,0,55
C1141137903,4,7.2368055e+06,4,1.8092014e+06,2.9528155e+06,2.1456575e+06,0,0,55
C1123313084,1,315671.12,1,315671.12,315671.12,315671.12,1,0,55
C11139703,5,1.1261588e+06,5,225231.75,734423.06,17212.324,0,0,55
C1111747867,4,2.375494e+06,4,593873.5,1.8929959e+06,86043.75,0,0,55
C1109747969,4,1.1935488e+06,4,298387.2,681223.5,59351.938,0,0,55
C1109448995,1,186713.58,1,186713.58,186713.58,186713.58,1,0,55
C110721357,4,1.8828475e+06,4,470711.88,1.2332806e+06,367423.75,0,0,55
C1105901057,4,2.484709e+06,4,621177.25,1.3166729e+06,324956.06,0,0,55
C1100461855,1,102955.12,1,102955.12,102955.12,102955.12,1,0,55
C1097476560,4,1.3175284e+06,4,329382.1,519390.62,135662.62,0,0,55
C1469065727,6,1.3522636e+06,6,225377.27,361339.0,21147.916,0,0,55
C1474120649,4,4.038471e+06,4,1.00961775e+06,2.0511372e+06,903847.94,0,0,55
C2012933656,4,1.3564445e+06,4,339111.12,607654.2,141004.5,0,0,55
C1812298245,5,1.1722905e+06,5,234458.1,553553.75,139730.53,0,0,55
C1794607688,5,2.625336e+06,5,525067.2,1.0423512e+06,560609.6,0,0,55
C1802552480,4,1.2908736e+06,4,322718.4,583772.6,34376.53,0,0,55
C1802632685,4,3.0751065e+06,4,768776.6,2.7813102e+06,419385.5,0,0,55
C1805225013,4,1.4032565e+06,4,350814.12,715844.5,74919.125,0,0,55
C1809373351,5,1.7180779e+06,5,343615.56,774753.1,274612.6,0,0,55
C1810745694,1,49120.47,1,49120.47,49120.47,49120.47,1,0,55
C1816757085,5,3.8795775e+06,5,775915.5,2.1072938e+06,486526.4,0,0,55
C1788961047,6,1.3167608e+06,6,219460.12,415339.72,325220.66,0,0,55
C1817409452,4,840399.25,4,210099.81,514945.78,143232.92,0,0,55
C1819271729,4,3.0345005e+06,4,758625.1,1.6323569e+06,735131.94,0,0,55
C1819644493,1,66545.22,1,66545.22,66545.22,66545.22,1,0,55
C1821667317,4,1.4479042e+06,4,361976.06,819164.56,16145.344,0,0,55
C1824698867,1,1302.8,1,1302.8,1302.8,1302.8,1,0,55
C1825389809,5,3.897659e+06,5,779531.8,2.018378e+06,190681.0,0,0,55
C1790831319,5,3.729682e+06,5,745936.4,2.4459538e+06,912048.5,0,0,55
C1786959028,4,4.0172305e+06,4,1.0043076e+06,2.1306838e+06,124135.94,0,0,55
C1727565779,5,1.9039725e+06,5,380794.5,652201.9,2.6361245e+06,0,0,55
C1746189447,1,261702.94,1,261702.94,261702.94,261702.94,1,0,55
C1729269718,4,1.1761975e+06,4,294049.38,517438.34,142247.89,0,0,55
C1730752455,5,2.8780345e+06,5,575606.9,2.3841195e+06,592421.0,0,0,55
C1733439693,4,2.707374e+06,4,676843.5,2.1083815e+06,280579.38,0,0,55
C1737223057,1,82806.2,1,82806.2,82806.2,82806.2,1,1,55
C1739267259,1,429376.0,1,429376.0,429376.0,429376.0,1,0,55
C1740764606,4,2.5488708e+06,4,637217.7,1.1510685e+06,843145.94,0,0,55
C1749677978,1,210982.55,1,210982.55,210982.55,210982.55,1,0,55
C1785910017,4,1.3729672e+06,4,343241.8,544303.9,310740.97,0,0,55
C1762322619,4,2.2546305e+06,4,563657.6,1.8869902e+06,14374.75,0,0,55
C1763889280,4,2.6027538e+06,4,650688.44,1.8269239e+06,43034.844,0,0,55
C1768714857,4,2.0166279e+06,4,504156.97,1.03400944e+06,429813.2,0,0,55
C1769594556,4,2.1070788e+06,4,526769.7,1.6270328e+06,50961.438,0,0,55
C1771666300,1,415677.3,1,415677.3,415677.3,415677.3,1,0,55
C1776751094,5,2.256782e+06,5,451356.4,896220.25,158590.25,0,0,55
C1838584624,4,1.4349459e+06,4,358736.47,756973.0,1.9254528e+06,0,0,55
C1841866242,4,1.2238192e+06,4,305954.8,815867.3,394875.2,0,0,55
C1847921201,5,3.359183e+06,5,671836.6,1.6584006e+06,747606.6,0,0,55
C1940468066,4,2.1318052e+06,4,532951.3,1.3606509e+06,165701.5,0,0,55
C1921483039,4,3.814646e+06,4,953661.5,2.1257755e+06,258430.0,0,0,55
C1924761929,4,2.230226e+06,4,557556.5,1.3131536e+06,245561.5,0,0,55
C193270934,5,2.2057678e+06,5,441153.56,1.5286162e+06,151453.83,0,0,55
C1937196092,5,1.0899474e+06,5,217989.47,664503.0,107488.1,0,0,55
C193864812,4,1.9777092e+06,4,494427.3,832212.06,244873.94,0,0,55
C193865280,4,1.9359198e+06,4,483979.94,945137.8,26977.707,0,0,55
C1946576207,1,103238.35,1,103238.35,103238.35,103238.35,1,0,55
C1848270947,4,1.4202858e+06,4,355071.44,681371.06,212233.38,0,0,55
C1957929104,1,243543.81,1,243543.81,243543.81,243543.81,1,0,55
C1966562224,4,2.5117735e+06,4,627943.4,2.262765e+06,362958.47,0,0,55
C1978557426,5,1.4704882e+06,5,294097.66,559289.5,282028.12,0,0,55
C1983747920,4,1.2557609e+06,4,313940.22,607872.0,1.1630359e+06,0,0,55
C1997490429,7,825243.9,7,117891.984,231818.61,886621.1,0,0,55
C2011240480,4,1.7264854e+06,4,431621.34,1.3639402e+06,241477.62,0,0,55
C1000469870,4,1.5530161e+06,4,388254.03,737462.25,468698.97,0,0,55
C1916720513,5,2.4964078e+06,5,499281.56,1.7127032e+06,17217.7,0,0,55
C1905079199,4,2.339981e+06,4,584995.25,1.1352408e+06,574147.9,0,0,55
C1900149703,1,100903.63,1,100903.63,100903.63,100903.63,1,0,55
C1890258988,4,3.3061075e+06,4,826526.9,2.3729718e+06,228402.12,0,0,55
C1883840933,4,3.7499278e+06,4,937481.94,1.6987479e+06,1.5817925e+06,0,0,55
C1880332929,4,3.2784952e+06,4,819623.8,2.5762948e+06,479998.5,0,0,55
C1876351111,5,1.2127615e+06,5,242552.3,660798.25,674799.2,0,0,55
C1870436181,4,1.428549e+06,4,357137.25,504530.1,156683.78,0,0,55
C1868430227,5,1.807961e+06,5,361592.2,1.1432395e+06,203127.97,0,0,55
C1867096421,4,2.4732978e+06,4,618324.44,1.3287784e+06,263139.56,0,0,55
C1865974996,4,2.8525405e+06,4,713135.1,984426.56,306201.2,0,0,55
C1859795678,6,1.4473815e+06,6,241230.25,349818.62,620170.5,0,0,55
C1857357520,6,1.2868764e+06,6,214479.39,366160.66,231407.58,0,0,55
C1856036778,4,8.0510205e+06,4,2.0127551e+06,5.6776625e+06,752748.5,0,0,55
C1853763800,4,1.0016826e+06,4,250420.66,552058.2,200833.6,0,0,55
C1850180796,4,2.8673662e+06,4,716841.56,1.8925726e+06,1.6815734e+06,0,0,55
C1728766751,5,3.2505325e+06,5,650106.5,2.5194325e+06,312904.3,0,0,55
C1726766832,1,3675.6,1,3675.6,3675.6,3675.6,1,0,55
C1474941455,1,137710.8,1,137710.8,137710.8,137710.8,1,0,55
C1560056122,4,2.1889878e+06,4,547246.94,1.01781525e+06,149502.31,0,0,55
C1535441667,4,1.9694228e+06,4,492355.7,1.4230876e+06,76979.59,0,0,55
C1538642188,5,1.460405e+06,5,292081.0,603789.7,205257.44,0,0,55
C1540056753,4,1.5066775e+06,4,376669.38,606682.9,412868.47,0,0,55
C1540270363,5,1.368112e+06,5,273622.4,603209.94,237466.67,0,0,55
C1548218207,4,1.1842642e+06,4,296066.06,755647.0,459020.38,0,0,55
C155793474,1,214975.9,1,214975.9,214975.9,214975.9,1,1,55
C1562773081,4,1.241678e+06,4,310419.5,589833.56,159714.78,0,0,55
C1531333864,7,1.6096998e+06,7,229957.11,445038.72,261508.11,0,0,55
C1563205060,1,238538.27,1,238538.27,238538.27,238538.27,1,0,55
C1571864404,1,135077.56,1,135077.56,135077.56,135077.56,1,0,55
C1582808814,4,1.8520912e+06,4,463022.8,982537.56,71147.89,0,0,55
C1587512382,1,13427.87,1,13427.87,13427.87,13427.87,1,0,55
C158876320,4,1.4246455e+06,4,356161.38,541100.56,85478.94,0,0,55
C1588901702,4,1.4804731e+06,4,370118.28,712322.94,282616.53,0,0,55
C1532153384,4,1.1693361e+06,4,292334.03,697245.8,458981.2,0,0,55
C1528787128,4,1.1920215e+06,4,298005.38,559153.75,334207.06,0,0,55
C1726408169,4,1.5155982e+06,4,378899.56,656173.4,32846.156,0,0,55
C14956956,1,122150.36,1,122150.36,122150.36,122150.36,1,0,55
C1479450980,5,3.5564125e+06,5,711282.5,1.5729301e+06,208383.8,0,0,55
C1484634037,4,3.7625272e+06,4,940631.8,2.0649149e+06,170679.06,0,0,55
C1485737116,5,858842.94,5,171768.6,508985.62,68672.234,0,0,55
C1488413166,1,249159.27,1,249159.27,249159.27,249159.27,1,1,55
C1489406543,5,2.5366298e+06,5,507325.94,1.6488822e+06,496194.8,0,0,55
C1494880280,4,2.1493342e+06,4,537333.56,1.5041768e+06,1.3498705e+06,0,0,55
C1497518378,4,1.138921e+06,4,284730.25,548312.75,568435.25,0,0,55
C1526146805,1,323006.4,1,323006.4,323006.4,323006.4,1,0,55
C1499383906,5,1.9154281e+06,5,383085.62,902090.94,158702.5,0,0,55
C1501701470,4,1.8671345e+06,4,466783.62,1.144693e+06,360436.5,0,0,55
C1504109395,4,2.2301528e+06,4,557538.2,1.5438758e+06,266411.3,0,0,55
C1507761286,4,1.6723248e+06,4,418081.2,978118.7,112822.72,0,0,55
C151804423,1,213983.6,1,213983.6,213983.6,213983.6,1,1,55
C1521873113,4,2.9788282e+06,4,744707.06,1.0787432e+06,277069.8,0,0,55
C1589946287,4,826253.6,4,206563.4,507276.7,10428.777,0,0,55
C1590351968,4,2.7958755e+06,4,698968.9,1.6780904e+06,13181.344,0,0,55
C1599334040,5,1.4648059e+06,5,292961.2,937451.25,68543.5,0,0,55
C1673971173,5,1.6705756e+06,5,334115.12,745515.5,366969.3,0,0,55
C165766906,4,2.2333935e+06,4,558348.4,1.7204948e+06,125516.94,0,0,55
C1663165083,4,2.537868e+06,4,634467.0,1.5687359e+06,156851.55,0,0,55
C1663330184,4,4.325735e+06,4,1.0814338e+06,3.4136388e+06,175737.81,0,0,55
C1663687715,4,1.7960516e+06,4,449012.9,807056.0,97259.53,0,0,55
C1663824951,4,1.1601498e+06,4,290037.44,621674.0,185159.16,0,0,55
C1669546416,4,2.98449e+06,4,746122.5,1.7166931e+06,44023.83,0,0,55
C1680801610,4,1.2253152e+06,4,306328.8,538133.6,484750.88,0,0,55
C1601406190,4,1.4719515e+06,4,367987.88,551020.25,239396.05,0,0,55
C1686961517,4,2.9930825e+06,4,748270.6,2.0481714e+06,272531.3,0,0,55
C1694731927,5,1.5546145e+06,5,310922.9,864186.1,702304.2,0,0,55
C1704538514,4,1.099535e+06,4,274883.75,761371.3,19803.742,0,0,55
C170927057,5,2.9098005e+06,5,581960.1,1.5319905e+06,751611.1,0,0,55
C1719798166,4,834322.9,4,208580.72,617587.9,403220.72,0,0,55
C1723100387,4,1.5098562e+06,4,377464.06,608590.6,379422.72,0,0,55
C1652387800,4,1.3988628e+06,4,349715.7,717479.7,85140.81,0,0,55
C1652369868,4,3.1341715e+06,4,783542.9,2.5454238e+06,74434.84,0,0,55
C1646362974,4,2.6547782e+06,4,663694.56,1.4692268e+06,132626.22,0,0,55
C1644667402,4,1.1539976e+06,4,288499.4,508671.7,97867.625,0,0,55
C1644382725,4,1.8006179e+06,4,450154.47,1.0129152e+06,208468.0,0,0,55
C1636050357,4,1.1423454e+06,4,285586.34,584455.6,59265.875,0,0,55
C1635341595,4,3.2659938e+06,4,816498.44,2.5391665e+06,925358.0,0,0,55
C16344660,5,3.4863512e+06,5,697270.25,2.4545012e+06,309931.75,0,0,55
C1632535868,4,1.8778985e+06,4,469474.62,1.0973039e+06,63631.6,0,0,55
C1632039044,5,1.1029116e+06,5,220582.33,563264.7,912022.5,0,0,55
C162860244,5,1.7333929e+06,5,346678.56,876435.6,69886.375,0,0,55
C1626288305,4,1.2527764e+06,4,313194.1,562540.5,78853.28,0,0,55
C1623277492,4,889648.25,4,222412.06,610172.2,32708.852,0,0,55
C1616444076,1,146231.73,1,146231.73,146231.73,146231.73,1,0,55
C1615804266,5,1.8741839e+06,5,374836.78,1.3519334e+06,440244.16,0,0,55
C161574690,6,843061.8,6,140510.3,300271.9,109011.625,0,0,55
C160632822,4,1.8001115e+06,4,450027.88,726728.44,82661.7,0,0,55
C997608398,5,2.2336252e+06,5,446725.06,1.140859e+06,199312.38,0,0,55
